Date,Name,Year,Letterboxd URI
2017-07-19,It Comes at Night,2017,https://boxd.it/eLuk
2017-07-19,Moonlight,2016,https://boxd.it/d6bE
2017-07-19,Holy Motors,2012,https://boxd.it/3wai
2017-07-19,Pina,2011,https://boxd.it/n5W
2017-07-19,The White Ribbon,2009,https://boxd.it/17eU
2017-07-19,My Neighbor Totoro,1988,https://boxd.it/20eA
2017-07-19,The Piano Teacher,2001,https://boxd.it/2886
2017-07-19,Who Was Edgar Allan?,1984,https://boxd.it/6fxg
2017-07-19,Maps to the Stars,2014,https://boxd.it/4WCu
2017-07-19,The Wind Rises,2013,https://boxd.it/4JQS
2017-07-19,Hipopotamy,2014,https://boxd.it/cQiO
2017-07-19,Leviathan,2014,https://boxd.it/7Ub8
2017-07-19,The Holy Mountain,1973,https://boxd.it/20mu
2017-07-19,The Belly of an Architect,1987,https://boxd.it/1IWO
2017-07-19,Goltzius & the Pelican Company,2012,https://boxd.it/4tXy
2017-07-19,Rembrandt's J'Accuse...!,2008,https://boxd.it/1fT2
2017-07-19,Pusher,1996,https://boxd.it/27wG
2017-07-19,Dune,2021,https://boxd.it/fA7G
2017-07-19,Night Fishing,2011,https://boxd.it/2L1I
2017-07-19,Memories of Matsuko,2006,https://boxd.it/1iVU
2017-07-19,Scenes from a Marriage,1974,https://boxd.it/4kJC
2017-07-19,Fanny and Alexander,1982,https://boxd.it/22go
2017-07-19,Hour of the Wolf,1968,https://boxd.it/1H9G
2017-07-19,Oedipus Rex,1967,https://boxd.it/WgK
2017-07-19,Mirror,1975,https://boxd.it/28Q8
2017-07-19,The Sacrifice,1986,https://boxd.it/1xg8
2017-07-19,Andrei Rublev,1966,https://boxd.it/29lg
2017-07-19,Throne of Blood,1957,https://boxd.it/251w
2017-07-19,Rashomon,1950,https://boxd.it/2a9K
2017-07-19,Ran,1985,https://boxd.it/1Tlu
2017-07-19,The Bad Sleep Well,1960,https://boxd.it/1iLA
2017-07-19,Kagemusha,1980,https://boxd.it/1SGG
2017-07-19,Barry Lyndon,1975,https://boxd.it/25A2
2017-07-19,Visitor Q,2001,https://boxd.it/24DE
2017-07-19,As the Gods Will,2014,https://boxd.it/76T0
2017-07-19,Over Your Dead Body,2014,https://boxd.it/619k
2017-07-19,Kikujiro,1999,https://boxd.it/24xc
2017-07-19,Dunkirk,2017,https://boxd.it/d0Y6
2017-07-19,Snowtown,2011,https://boxd.it/2f1Q
2017-07-19,Lost Highway,1997,https://boxd.it/29Wc
2017-07-19,Blue Velvet,1986,https://boxd.it/29BI
2017-07-19,Combustible,2012,https://boxd.it/3WRM
2017-07-19,The Sky Crawlers,2008,https://boxd.it/1Lko
2017-07-19,Patlabor 2: The Movie,1993,https://boxd.it/1NP4
2017-07-19,Avalon,2001,https://boxd.it/1V9K
2017-07-19,Nowhere Girl,2015,https://boxd.it/bdQA
2017-07-19,Open Your Mind,2005,https://boxd.it/6HlW
2017-07-19,The Tale of the Princess Kaguya,2013,https://boxd.it/4JQI
2017-07-19,Fantastic Planet,1973,https://boxd.it/1KnQ
2017-07-19,Watership Down,1978,https://boxd.it/1SYg
2017-07-19,Ningen Shikkaku: Director's Cut-ban,2009,https://boxd.it/2yT8
2017-07-19,Jin-Roh: The Wolf Brigade,1999,https://boxd.it/29wS
2017-07-19,Sonatine,1993,https://boxd.it/20TI
2017-07-19,Angel's Egg,1985,https://boxd.it/1LeA
2017-07-19,Evangelion: 3.0+1.0 Thrice Upon a Time,2021,https://boxd.it/8LnQ
2017-07-19,Blue Is the Warmest Color,2013,https://boxd.it/4O40
2017-07-19,Che: Part One,2008,https://boxd.it/1ZGe
2017-07-19,Che: Part Two,2008,https://boxd.it/1ZGo
2017-07-19,The Fisher King,1991,https://boxd.it/2aWM
2017-07-19,Birdman or (The Unexpected Virtue of Ignorance),2014,https://boxd.it/5RFA
2017-07-19,Y Tu Mamá También,2001,https://boxd.it/28QM
2017-07-19,Upstream Color,2013,https://boxd.it/4Cwc
2017-07-19,Sansho the Bailiff,1954,https://boxd.it/1Dkq
2017-07-19,Lady Snowblood,1973,https://boxd.it/26Fi
2017-07-19,Free Fall,2014,https://boxd.it/8Ssy
2017-07-19,Final Cut: Ladies and Gentlemen,2012,https://boxd.it/491E
2017-07-19,To the Bone,2017,https://boxd.it/e5AK
2017-07-19,2 or 3 Things I Know About Her,1967,https://boxd.it/20Am
2017-07-19,Godard's Passion,1982,https://boxd.it/1gFK
2017-07-19,Heavy Metal,1981,https://boxd.it/1SZI
2017-07-19,Antichrist,2009,https://boxd.it/1Inu
2017-07-19,Medea,1988,https://boxd.it/1d7q
2017-07-19,Nocturne,1980,https://boxd.it/3GBy
2017-07-19,Nymphomaniac: Vol. I,2013,https://boxd.it/7DiG
2017-07-19,Nymphomaniac: Vol. II,2013,https://boxd.it/7j9Y
2017-07-19,Werckmeister Harmonies,2000,https://boxd.it/1zzw
2017-07-19,The Turin Horse,2011,https://boxd.it/2Qsk
2017-07-19,White God,2014,https://boxd.it/81lO
2017-07-19,On the Milky Road,2016,https://boxd.it/7vCI
2017-07-19,Family Nest,1979,https://boxd.it/IKG
2017-07-19,A Good Wife,2016,https://boxd.it/cSU6
2017-07-19,Belvedere,2010,https://boxd.it/3Bry
2017-07-19,The Sun Street Boys,2007,https://boxd.it/ezry
2017-07-19,Tight Quarters,1983,https://boxd.it/7Q0U
2017-07-19,Men & Chicken,2015,https://boxd.it/9nP4
2017-07-19,Just the Wind,2012,https://boxd.it/3IfO
2017-07-19,Lily Lane,2016,https://boxd.it/aPmc
2017-07-19,Bibliothèque Pascal,2010,https://boxd.it/Buc
2017-07-19,Heavenly Shift,2013,https://boxd.it/6MPM
2017-07-19,Demimonde,2015,https://boxd.it/d1vO
2017-07-19,Well,2016,https://boxd.it/eCSW
2017-07-19,Csodálatos vadállatok,2005,https://boxd.it/g2Yo
2017-07-19,Apaches,2010,https://boxd.it/efy
2017-07-19,Little Apocrypha No. 2,2004,https://boxd.it/gg5C
2017-07-19,Little Apocrypha No. 1,2004,https://boxd.it/gg5M
2017-07-19,The Ambassador to Bern,2014,https://boxd.it/7ADw
2017-07-19,Mirage,2014,https://boxd.it/8VuC
2017-07-19,Adrienn Pál,2010,https://boxd.it/56d0
2017-07-19,The Abduction of the Sun and the Moon,1968,https://boxd.it/3c8Q
2017-07-19,Love,2016,https://boxd.it/e12a
2017-07-19,Cain's Children,2014,https://boxd.it/9lp4
2017-07-19,Bully,2001,https://boxd.it/1Yu2
2017-07-19,There Will Be Blood,2007,https://boxd.it/20Z2
2017-07-19,Inside Llewyn Davis,2013,https://boxd.it/34Ro
2017-07-19,Violence en réunion,2015,https://boxd.it/eDSS
2017-07-19,mother!,2017,https://boxd.it/dgRU
2017-07-19,The Wrestler,2008,https://boxd.it/1So8
2017-07-19,The Sea of Trees,2015,https://boxd.it/987m
2017-07-19,Ugetsu,1953,https://boxd.it/1NyM
2017-07-19,Kotoko,2011,https://boxd.it/3030
2017-07-19,Alice,1988,https://boxd.it/1G3C
2017-07-19,Faust,1994,https://boxd.it/1G3i
2017-07-19,The Mill and the Cross,2011,https://boxd.it/lLm
2017-07-19,We Need to Talk About Kevin,2011,https://boxd.it/2pTS
2017-07-19,Field of Dogs,2014,https://boxd.it/7VGc
2017-07-19,Stanley Kubrick's Boxes,2008,https://boxd.it/3mBI
2017-07-19,Menashe,2017,https://boxd.it/fbvo
2017-07-19,Under the Silver Lake,2018,https://boxd.it/dSAs
2017-07-19,Flesh of the Void,2017,https://boxd.it/ggcI
2017-07-19,The Man Who Killed Don Quixote,2018,https://boxd.it/9rkY
2017-07-19,Crimes and Misdemeanors,1989,https://boxd.it/1Ty4
2017-07-19,Walking to Paris,2021,https://boxd.it/abcc
2017-07-19,A Touch of Zen,1971,https://boxd.it/SFm
2017-07-19,Shazam!,2019,https://boxd.it/8WBu
2017-07-19,The Deer Hunter,1978,https://boxd.it/1T6O
2017-07-19,Crazy Heart,2009,https://boxd.it/1wds
2017-07-19,Gradiva,2014,https://boxd.it/8rEC
2017-07-19,Annette,2021,https://boxd.it/f0RS
2017-07-19,Titus,1999,https://boxd.it/1RNm
2017-07-19,A Prophet,2009,https://boxd.it/1BGE
2017-07-19,Beasts of the Southern Wild,2012,https://boxd.it/2XPK
2017-07-19,Timecrimes,2007,https://boxd.it/1OGM
2017-07-19,Tamami: The Baby's Curse,2008,https://boxd.it/4Nq
2017-07-19,Jellyfish Eyes,2013,https://boxd.it/6JQi
2017-07-19,Tokyo Gore Police,2008,https://boxd.it/1KUq
2017-07-19,Dark Star,1974,https://boxd.it/28Ow
2017-07-19,You're Next,2011,https://boxd.it/2WWK
2017-07-20,Hello Destroyer,2016,https://boxd.it/erN2
2017-07-20,Animal Kingdom,2010,https://boxd.it/Ru8
2017-07-20,Godzilla: King of the Monsters,2019,https://boxd.it/cY7Y
2017-07-20,Unity,2015,https://boxd.it/bziA
2017-07-20,Earthlings,2005,https://boxd.it/1lJM
2017-07-20,The Eyes of My Mother,2016,https://boxd.it/cTd8
2017-07-24,Manhattan Murder Mystery,1993,https://boxd.it/1Wg8
2017-07-24,The Fault in Our Stars,2014,https://boxd.it/6BQa
2017-07-24,Life in a Year,2020,https://boxd.it/fVNS
2017-07-24,The Immigrant,2013,https://boxd.it/4O2e
2017-07-24,House of Tolerance,2011,https://boxd.it/2Yjq
2017-07-24,Deep Cover,1992,https://boxd.it/1D5g
2017-07-24,Grimm,2003,https://boxd.it/DLO
2017-07-24,Schneider vs. Bax,2015,https://boxd.it/aZwc
2017-07-24,Love Letter,1995,https://boxd.it/LMA
2017-07-24,Hana and Alice,2004,https://boxd.it/1qXa
2017-07-24,The Case of Hana & Alice,2015,https://boxd.it/9ZoU
2017-07-24,A Bride for Rip Van Winkle,2016,https://boxd.it/dj9c
2017-07-24,Dreams for Sale,2012,https://boxd.it/43qo
2017-07-24,Soldier's Girl,2003,https://boxd.it/1h1w
2017-07-24,Laurence Anyways,2012,https://boxd.it/3HQu
2017-07-24,Wuthering Heights,2011,https://boxd.it/1YRU
2017-07-24,Read My Lips,2001,https://boxd.it/21Xw
2017-07-24,Maurice,1987,https://boxd.it/1tZy
2017-07-24,Love Is the Devil: Study for a Portrait of Francis Bacon,1998,https://boxd.it/23xg
2017-07-24,Maudie,2016,https://boxd.it/ceaW
2017-07-27,Cries and Whispers,1972,https://boxd.it/1WK8
2017-07-27,The Lure,2015,https://boxd.it/d3mE
2017-08-04,Personal Shopper,2016,https://boxd.it/bkGM
2017-08-06,Evolution,2015,https://boxd.it/aQNS
2017-08-06,A Ghost Story,2017,https://boxd.it/fb0K
2017-08-06,The Pillow Book,1996,https://boxd.it/1tW0
2017-11-21,Loveless,2017,https://boxd.it/fcFa
2017-11-21,The Lost City of Z,2016,https://boxd.it/a7jS
2017-11-21,Get Out,2017,https://boxd.it/eOCm
2017-11-21,The Discovery,2017,https://boxd.it/d4gC
2017-11-21,Split,2016,https://boxd.it/dgSy
2017-11-21,Raw,2016,https://boxd.it/dLd2
2017-11-21,2046,2004,https://boxd.it/29tu
2017-11-21,Last Flag Flying,2017,https://boxd.it/ePAG
2017-11-21,Izo,2004,https://boxd.it/1REO
2017-11-21,One Missed Call,2003,https://boxd.it/1Y28
2017-11-21,Kwaidan,1964,https://boxd.it/1kbY
2017-11-21,The Irishman,2019,https://boxd.it/dYOq
2017-11-21,The Wasted Times,2016,https://boxd.it/dk5U
2017-11-21,Suffragette,2015,https://boxd.it/7cxY
2017-11-21,Ocean's Eight,2018,https://boxd.it/eaai
2017-11-21,A Room with a View,1985,https://boxd.it/1UfC
2017-11-21,"4 Months, 3 Weeks and 2 Days",2007,https://boxd.it/27DW
2017-11-21,Klondike,2014,https://boxd.it/78h8
2017-11-21,Moving,1993,https://boxd.it/3RcO
2017-11-21,Contempt,1963,https://boxd.it/2aJe
2017-11-21,Eros,2004,https://boxd.it/135k
2017-11-21,Easy Rider,1969,https://boxd.it/29Ys
2017-11-21,Lawrence of Arabia,1962,https://boxd.it/2wRE
2017-11-21,The Physician,2013,https://boxd.it/5fdI
2017-11-21,Widows,2018,https://boxd.it/e6gc
2017-11-21,Dogville,2003,https://boxd.it/2a8W
2017-11-21,Lady Bird,2017,https://boxd.it/dGNE
2017-11-27,The Day a Pig Fell Into the Well,1996,https://boxd.it/33ze
2017-11-28,The Emigrants,1971,https://boxd.it/114u
2017-11-29,Sweeney Todd,2006,https://boxd.it/17bG
2017-11-29,Red Dead Redemption: The Man from Blackwater,2010,https://boxd.it/5oVO
2017-11-29,Ruin,,https://boxd.it/g5o4
2017-11-29,Fish Tank,2009,https://boxd.it/1xBg
2017-11-30,Marina Abramović: The Artist Is Present,2012,https://boxd.it/2Y7k
2017-11-30,Love Exposure,2008,https://boxd.it/1pDe
2017-12-01,"Und in der Mitte, da sind wir",2014,https://boxd.it/aI46
2017-12-01,The Salesman,2016,https://boxd.it/d2we
2017-12-02,Pariah,2011,https://boxd.it/2wWk
2017-12-02,When We Rise,2017,https://boxd.it/qPNY
2017-12-02,Mudbound,2017,https://boxd.it/eCsu
2017-12-04,Confession of Murder,2012,https://boxd.it/4uK6
2017-12-05,Painkiller Jane,,https://boxd.it/f3N0
2017-12-06,Ms .45,1981,https://boxd.it/1AWG
2017-12-06,The Addiction,1995,https://boxd.it/1cZQ
2017-12-08,Sherlock Holmes 3,,https://boxd.it/9riy
2017-12-08,The Beguiled,1971,https://boxd.it/1i9m
2017-12-19,Black Mirror: San Junipero,2016,https://boxd.it/h634
2017-12-19,The Gamechangers,2015,https://boxd.it/c4Ve
2017-12-19,Dead Set,2008,https://boxd.it/5ppu
2017-12-21,For Those Who Can Tell No Tales,2013,https://boxd.it/6g24
2017-12-21,Petria's Wreath,1980,https://boxd.it/8K9y
2017-12-21,Requiem for Mrs. J,2015,https://boxd.it/fsdm
2017-12-21,Men Don't Cry,2017,https://boxd.it/gEye
2017-12-21,The Sound of Things,2016,https://boxd.it/fJJO
2017-12-21,Quit Staring at My Plate,2016,https://boxd.it/enoM
2017-12-21,Ice Mother,2017,https://boxd.it/gaty
2017-12-21,Woodpeckers,2017,https://boxd.it/faYa
2017-12-21,In the Fade,2017,https://boxd.it/eZpS
2017-12-21,Train Driver's Diary,2016,https://boxd.it/eelO
2017-12-22,Morgan,2016,https://boxd.it/d6Yw
2017-12-22,The Gone World,2019,https://boxd.it/ejwC
2017-12-22,Adam: The Prophet,2017,https://boxd.it/hEgm
2017-12-22,Replicas,2018,https://boxd.it/9yBi
2017-12-22,Empire of Passion,1978,https://boxd.it/GSS
2017-12-22,Zatoichi: The Last,2010,https://boxd.it/qLm
2017-12-25,Johanna,2005,https://boxd.it/2mE6
2017-12-27,Love,2011,https://boxd.it/uzE
2017-12-27,Stray Dogs,2014,https://boxd.it/7tHc
2017-12-28,"M Is for Man, Music and Mozart",1991,https://boxd.it/9Izm
2017-12-28,The New Tenants,2009,https://boxd.it/JR4
2017-12-28,Lost River,2014,https://boxd.it/5cjy
2017-12-28,Love,2015,https://boxd.it/9brE
2017-12-28,Love Me If You Dare,2003,https://boxd.it/20bm
2017-12-28,April and the Extraordinary World,2015,https://boxd.it/bjXi
2017-12-28,Delicatessen,1991,https://boxd.it/29lK
2017-12-28,Delicacy,2011,https://boxd.it/2Qmc
2017-12-28,Eternity,2016,https://boxd.it/djYE
2017-12-28,Species,1995,https://boxd.it/1YUk
2017-12-28,Brazil,1985,https://boxd.it/2be2
2017-12-28,Tank Girl,1995,https://boxd.it/1Zfs
2017-12-28,Alphaville,1965,https://boxd.it/20AG
2017-12-28,Gun Woman,2014,https://boxd.it/7Ex8
2017-12-28,The Monster,2016,https://boxd.it/bjlo
2017-12-28,Psychokinesis,2018,https://boxd.it/g7ni
2017-12-28,Tusk,2014,https://boxd.it/7eoa
2017-12-28,The Hollow Crown: Henry IV - Part 1,2012,https://boxd.it/3XXG
2017-12-28,The Hollow Crown: Henry IV - Part 2,2012,https://boxd.it/4jPO
2017-12-28,A Midsummer Night's Dream,2014,https://boxd.it/9dyM
2017-12-28,The Hollow Crown: Henry V,2012,https://boxd.it/4jPE
2017-12-28,Hotel Room,1993,https://boxd.it/gBG
2017-12-29,Young Frankenstein,1974,https://boxd.it/25To
2017-12-29,Fantastic Beasts 3,2022,https://boxd.it/bg8Q
2017-12-29,The Zero Theorem,2013,https://boxd.it/4WDW
2017-12-29,Violet & Daisy,2011,https://boxd.it/3df4
2017-12-29,Rushmore,1998,https://boxd.it/1TAO
2017-12-29,The Big Brawl,1980,https://boxd.it/1Fok
2017-12-29,Game of Death,1978,https://boxd.it/1Qpe
2017-12-29,The Good Old Boys,1995,https://boxd.it/8sdi
2017-12-29,Ikiru,1952,https://boxd.it/251c
2017-12-29,A Hard Day,2014,https://boxd.it/85lS
2017-12-29,Tetsuo: The Iron Man,1989,https://boxd.it/ZoM
2017-12-29,Chronos,1985,https://boxd.it/1GRs
2017-12-29,Golden Chickensss,2014,https://boxd.it/7szm
2017-12-29,Ong Bak: Muay Thai Warrior,2003,https://boxd.it/1YZk
2017-12-30,Hounds of Love,2016,https://boxd.it/enoi
2017-12-30,Endless Poetry,2016,https://boxd.it/aANs
2017-12-30,68 Kill,2017,https://boxd.it/cJsM
2017-12-30,Mystery Road,2013,https://boxd.it/60TG
2017-12-30,Bad Girl,2016,https://boxd.it/ef0M
2017-12-30,Malcolm X,1992,https://boxd.it/27WE
2017-12-30,Darkest Hour,2017,https://boxd.it/dZZa
2017-12-30,The Devils,1971,https://boxd.it/1inI
2017-12-30,Altered States,1980,https://boxd.it/1TBi
2017-12-30,Elephant,1989,https://boxd.it/19aU
2017-12-30,The Invisible Woman,2013,https://boxd.it/3KbY
2017-12-30,Edvard Munch,1974,https://boxd.it/E3y
2017-12-30,Shark Skin Man and Peach Hip Girl,1998,https://boxd.it/19D8
2017-12-30,Silence,1971,https://boxd.it/3f7m
2017-12-30,The Girl King,2015,https://boxd.it/aNra
2017-12-30,Chi-Raq,2015,https://boxd.it/bjIM
2017-12-30,A Tale of Two Sisters,2003,https://boxd.it/248m
2017-12-30,Caché,2005,https://boxd.it/2amY
2017-12-30,Russian Ark,2002,https://boxd.it/1JQM
2017-12-30,The Thousand Miles,,https://boxd.it/fSWM
2017-12-30,Eat Drink Man Woman,1994,https://boxd.it/1Wem
2017-12-30,"Lust, Caution",2007,https://boxd.it/244k
2017-12-30,Dragon Inn,1967,https://boxd.it/3xGa
2017-12-30,Daughter of the Nile,1987,https://boxd.it/3pU4
2017-12-30,No No Sleep,2015,https://boxd.it/bk7i
2017-12-30,Stray Dogs,2013,https://boxd.it/6gL4
2017-12-30,The Final Master,2015,https://boxd.it/d8oA
2017-12-30,Judge Archer,2012,https://boxd.it/7SEM
2017-12-30,The Sword Identity,2011,https://boxd.it/3Zrs
2017-12-30,The Hidden Sword,2017,https://boxd.it/hf1G
2017-12-30,Capone,2020,https://boxd.it/fdAU
2017-12-30,I Am Not a Witch,2017,https://boxd.it/g1yY
2017-12-31,The Limits of Control,2009,https://boxd.it/20po
2017-12-31,The Fifth Season,2012,https://boxd.it/4460
2018-01-01,Oliver Twist,2005,https://boxd.it/2aKG
2018-01-01,Wildlife,2018,https://boxd.it/eKYe
2018-01-02,Anubis,2017,https://boxd.it/ng6
2018-01-02,XOXO,2016,https://boxd.it/bRxo
2018-01-04,Spawn,,https://boxd.it/gJZE
2018-01-08,Big Fish & Begonia,2016,https://boxd.it/8bfm
2018-01-08,The Queen of Crime,2016,https://boxd.it/eAZ2
2018-01-08,The Silenced,2015,https://boxd.it/brx8
2018-01-08,Alice in Earnestland,2015,https://boxd.it/bEXI
2018-01-09,Satantango,1994,https://boxd.it/1j9M
2018-01-09,The Human Condition,,https://boxd.it/31Em
2018-01-09,Woman in the Dunes,1964,https://boxd.it/1JNS
2018-01-10,In a Valley of Violence,2016,https://boxd.it/987Q
2018-01-10,Galveston,2018,https://boxd.it/8Lqq
2018-01-10,Notes on an Appearance,2018,https://boxd.it/houM
2018-01-10,The Leviathan,2015,https://boxd.it/aZAI
2018-01-10,Zardoz,1974,https://boxd.it/23Fa
2018-01-12,Marina,2013,https://boxd.it/6LxW
2018-01-12,Charlie and Hannah's Grand Night Out,2017,https://boxd.it/hjBy
2018-01-12,Master and Commander: The Far Side of the World,2003,https://boxd.it/200S
2018-01-14,The Virgin Suicides,1999,https://boxd.it/28JG
2018-01-14,Mary Shelley,2017,https://boxd.it/aW9u
2018-01-15,Winter Vacation,2010,https://boxd.it/3jnS
2018-01-15,Inner Ear Inflammation,2017,https://boxd.it/hMxg
2018-01-16,Faust,2011,https://boxd.it/2GtM
2018-01-16,Listen,2014,https://boxd.it/91dW
2018-01-18,The Lady,2011,https://boxd.it/2HrW
2018-01-21,Lovecraft: Fear of the Unknown,2008,https://boxd.it/SXq
2018-01-23,That One Day,2016,https://boxd.it/eAue
2018-01-23,Catch Me Daddy,2014,https://boxd.it/861Y
2018-01-27,Romeo Is Bleeding,2015,https://boxd.it/b0rs
2018-02-04,A Conspiracy of Faith,2016,https://boxd.it/bHu0
2018-02-04,Sikumi (On the Ice),2008,https://boxd.it/2uMi
2018-02-04,Lovesong,2016,https://boxd.it/cSSY
2018-02-08,Coherence,2013,https://boxd.it/6xza
2018-02-08,Assault Girls,2009,https://boxd.it/Zwm
2018-02-08,Alita: Battle Angel,2019,https://boxd.it/e0rS
2018-02-11,The Ballad of Narayama,1983,https://boxd.it/XI6
2018-02-11,Kuro,2012,https://boxd.it/4uQe
2018-02-12,Time Masters,1982,https://boxd.it/1Atu
2018-02-12,Au Hasard Balthazar,1966,https://boxd.it/1E3g
2018-02-24,Werewolf,2016,https://boxd.it/erMI
2018-02-24,Where the Wild Things Are,2009,https://boxd.it/1K0C
2018-02-24,Irma Vep,1996,https://boxd.it/1vYs
2018-02-26,Horse Latitudes,,https://boxd.it/hyMw
2018-02-26,The Woman Who Left,2016,https://boxd.it/enGQ
2018-02-26,Cleopatra,,https://boxd.it/bgxQ
2018-02-26,M.F.A.,2017,https://boxd.it/fzqC
2018-02-26,Ratcatcher,1999,https://boxd.it/1mSg
2018-02-26,You Were Never Really Here,2017,https://boxd.it/dWOS
2018-02-26,One Million Yen Girl,2008,https://boxd.it/2h5K
2018-02-28,The Square,2017,https://boxd.it/e5YW
2018-02-28,The Scopia Effect,2014,https://boxd.it/aXuo
2018-02-28,Mary Queen of Scots,2018,https://boxd.it/gkaG
2018-03-04,Brown Girl Begins,2017,https://boxd.it/i5pq
2018-03-04,Alice in Wonderland,1903,https://boxd.it/ZLm
2018-03-04,Queen of Katwe,2016,https://boxd.it/agW0
2018-03-04,A Teacher,2013,https://boxd.it/4Y82
2018-03-04,One Eight Seven,1997,https://boxd.it/226I
2018-03-11,11:55,2016,https://boxd.it/dOgo
2018-03-16,The Cowards who Looked to the Sky,2012,https://boxd.it/4btU
2018-03-19,Thoroughbreds,2017,https://boxd.it/dVHQ
2018-03-19,Uncle Boonmee Who Can Recall His Past Lives,2010,https://boxd.it/168Q
2018-03-20,Belgica,2016,https://boxd.it/aQEw
2018-03-21,Paterson,2016,https://boxd.it/cRk2
2018-03-24,Lonesome Jim,2005,https://boxd.it/2118
2018-03-26,Secret Sunshine,2007,https://boxd.it/27CY
2018-03-28,Imperium,2016,https://boxd.it/d0N8
2018-03-28,Ulysses' Gaze,1995,https://boxd.it/1ApC
2018-04-01,And So We Put Goldfish in the Pool.,2017,https://boxd.it/ge6o
2018-04-07,Good Morning,1959,https://boxd.it/2lkk
2018-04-08,Dark River,2017,https://boxd.it/fcG8
2018-04-08,La Soledad,2016,https://boxd.it/eBoQ
2018-04-09,Tatara Samurai,2016,https://boxd.it/evrk
2018-04-09,An Evening with Beverly Luff Linn,2018,https://boxd.it/fUcw
2018-04-09,Ned Rifle,2014,https://boxd.it/8Lea
2018-04-12,Dave Made a Maze,2017,https://boxd.it/fof4
2018-04-24,"Love, Lies",2016,https://boxd.it/dqrC
2018-04-24,Han Gong-ju,2013,https://boxd.it/6KZq
2018-04-24,Memories Of The Sword,2015,https://boxd.it/bHvW
2018-04-24,The Extraordinary Adventures of Adèle Blanc-Sec,2010,https://boxd.it/1cke
2018-04-24,Ash Is Purest White,2018,https://boxd.it/fH5C
2018-04-24,Fruitvale Station,2013,https://boxd.it/4VRy
2018-04-24,Illang: The Wolf Brigade,2018,https://boxd.it/gL0S
2018-04-30,The Rainbow Experiment,2018,https://boxd.it/hAG6
2018-05-02,Days of Being Wild,1990,https://boxd.it/1HbC
2018-05-04,Tokyo Twilight,1957,https://boxd.it/sq6
2018-05-04,Goon,2011,https://boxd.it/2B6o
2018-05-04,First Reformed,2017,https://boxd.it/go9C
2018-05-05,Chungking Express,1994,https://boxd.it/1UDa
2018-05-07,The Ritual,2017,https://boxd.it/fo0I
2018-05-08,Tully,2018,https://boxd.it/e4kc
2018-05-09,Black Mass,2015,https://boxd.it/7K2g
2018-05-09,Voyage of Time: Life's Journey,2016,https://boxd.it/34Sw
2018-05-09,Voyage of Time: The IMAX Experience,2016,https://boxd.it/eJjO
2018-05-09,The Assassination of Jesse James by the Coward Robert Ford,2007,https://boxd.it/24dG
2018-05-09,Fury,2014,https://boxd.it/6JwC
2018-05-12,Zama,2017,https://boxd.it/aDDq
2018-05-17,The Image Book,2018,https://boxd.it/eBse
2018-05-17,American Animals,2018,https://boxd.it/hE4K
2018-05-17,Mammal,2016,https://boxd.it/cSUK
2018-05-17,Alps,2011,https://boxd.it/2RHg
2018-05-19,Backcountry,2014,https://boxd.it/6KQI
2018-05-19,Burning,2018,https://boxd.it/hHUa
2018-05-20,24 Frames,2017,https://boxd.it/d6YG
2018-05-25,Climax,2018,https://boxd.it/ikvo
2018-05-29,Who's Afraid of Virginia Woolf?,1966,https://boxd.it/2atK
2018-06-01,"Roman J. Israel, Esq.",2017,https://boxd.it/ezRc
2018-06-05,Journey to the West,2014,https://boxd.it/7wFe
2018-06-05,"Help Me, Eros",2007,https://boxd.it/uyG
2018-06-07,A Lonely Place to Die,2011,https://boxd.it/2Qu6
2018-06-11,Starred Up,2013,https://boxd.it/6fRq
2018-06-12,Deeper,2021,https://boxd.it/fI1Q
2018-06-12,"Where Were You, My Son?",2008,https://boxd.it/4gCC
2018-06-15,Hot Summer Nights,2017,https://boxd.it/bFIE
2018-06-15,The Tribes of Palos Verdes,2017,https://boxd.it/ayHM
2018-06-20,Battle Royale II: Requiem,2003,https://boxd.it/25zI
2018-06-20,Battles Without Honor and Humanity: The Complete Saga,1980,https://boxd.it/cXNY
2018-06-22,Suspiria,2018,https://boxd.it/cioI
2018-06-22,Highlander,,https://boxd.it/bine
2018-06-22,Analog,,https://boxd.it/j69g
2018-06-26,Skate Kitchen,2018,https://boxd.it/hI3Q
2018-06-26,Iron Sister,1996,https://boxd.it/2cq4
2018-06-26,"Gwen, or the Book of Sand",1985,https://boxd.it/3Ebo
2018-06-26,Bobbi Jene,2017,https://boxd.it/fKXM
2018-06-26,White Right: Meeting the Enemy,2017,https://boxd.it/iSFW
2018-06-28,Lies My Father Told Me,1975,https://boxd.it/3eza
2018-06-30,Take Shelter,2011,https://boxd.it/DQ
2018-07-02,Dope,2015,https://boxd.it/9Tho
2018-07-02,Land and Shade,2015,https://boxd.it/b9Ns
2018-07-02,Montparnasse Bienvenüe,2017,https://boxd.it/g7ds
2018-07-02,Girls of the Sun,2018,https://boxd.it/hebq
2018-07-02,Knife+Heart,2018,https://boxd.it/h5ko
2018-07-02,Capernaum,2018,https://boxd.it/iM3s
2018-07-02,Shoplifters,2018,https://boxd.it/ifY6
2018-07-02,Leto,2018,https://boxd.it/i9Tu
2018-07-02,Our Little Sister,2015,https://boxd.it/abBm
2018-07-02,Distance,2001,https://boxd.it/1wvc
2018-07-02,My Joy,2010,https://boxd.it/eLO
2018-07-02,The Beach Bum,2019,https://boxd.it/fH4O
2018-07-02,Donbass,2018,https://boxd.it/iPig
2018-07-02,Border,2018,https://boxd.it/iMbG
2018-07-02,Ten Years Thailand,2018,https://boxd.it/i5dk
2018-07-02,Cemetery of Splendor,2015,https://boxd.it/9tIo
2018-07-04,Proud Mary,2018,https://boxd.it/fIMi
2018-07-10,The Plague Dogs,1982,https://boxd.it/1m38
2018-07-10,Symphony No. 42,2014,https://boxd.it/7A0Y
2018-07-10,Solar Walk,2018,https://boxd.it/ifSM
2018-07-11,The World Is Yours,2018,https://boxd.it/iehq
2018-07-13,I Feel Stupid,2012,https://boxd.it/b0u2
2018-07-13,Men Show Movies & Women Their Breasts,2014,https://boxd.it/8U1k
2018-07-13,The Endless,2017,https://boxd.it/ffyw
2018-07-13,Foxtrot,2017,https://boxd.it/fOqC
2018-07-13,April Story,1998,https://boxd.it/2n9o
2018-07-13,The Terminal Trust,2012,https://boxd.it/62OI
2018-07-13,Perspective,2014,https://boxd.it/e9dU
2018-07-16,Mosaic,2018,https://boxd.it/gKs2
2018-07-18,A Mother Brings Her Son to Be Shot,2017,https://boxd.it/gYDe
2018-07-19,I Killed My Mother,2009,https://boxd.it/1ubO
2018-07-19,The Act of Killing,2012,https://boxd.it/44Cg
2018-07-19,Inside Fur,2014,https://boxd.it/bFHw
2018-07-19,The Tribe,2014,https://boxd.it/8aqe
2018-08-01,mid90s,2018,https://boxd.it/fxIa
2018-08-01,What Keeps You Alive,2018,https://boxd.it/ic9Y
2018-08-09,Haider,2014,https://boxd.it/8E5A
2018-08-09,Kon-Tiki,2012,https://boxd.it/2sX4
2018-08-10,The Forest of the Lost Souls,2017,https://boxd.it/d3WM
2018-08-10,The Jinx: The Life and Deaths of Robert Durst,2015,https://boxd.it/aqAe
2018-08-11,Landscape in the Mist,1988,https://boxd.it/JRy
2018-08-11,Pather Panchali,1955,https://boxd.it/22yC
2018-08-14,Beyond the Black Rainbow,2010,https://boxd.it/EzY
2018-08-15,La Flor,2018,https://boxd.it/eZCs
2018-08-15,Extraordinary Stories,2008,https://boxd.it/3JF4
2018-08-18,Pin Cushion,2017,https://boxd.it/gZIE
2018-08-18,Tamala 2010: A Punk Cat in Space,2002,https://boxd.it/12NU
2018-08-18,Tale of Tales,1979,https://boxd.it/1boa
2018-08-18,"Yobi, The Five-Tailed Fox",2007,https://boxd.it/jLY
2018-08-21,Genesis,2018,https://boxd.it/jyeo
2018-08-27,Mad Max: The Wasteland,,https://boxd.it/bj4M
2018-09-03,You Can Never Really Know Someone,2016,https://boxd.it/dLBo
2018-09-06,Alanis,2017,https://boxd.it/gVog
2018-09-06,A Year Without Love,2005,https://boxd.it/66fs
2018-09-06,It's Your Fault,2010,https://boxd.it/6voY
2018-09-22,Mandy,2018,https://boxd.it/gtti
2018-10-07,Lupin the Third: Jigen's Gravestone,2014,https://boxd.it/7IPA
2018-10-07,Trava: Fist Planet,2003,https://boxd.it/32fs
2018-10-07,Believe It or Not,2018,https://boxd.it/jZbc
2018-10-07,Die Anruferin,2007,https://boxd.it/20UG
2018-11-10,The Third Murder,2017,https://boxd.it/fqF4
2018-11-15,Happy as Lazzaro,2018,https://boxd.it/hiVs
2018-11-28,Gozu,2003,https://boxd.it/1RTa
2018-12-12,The One I Love,2014,https://boxd.it/77gy
2018-12-23,The Wind,2018,https://boxd.it/jK5I
2018-12-29,Outlaw King,2018,https://boxd.it/gcxi
2019-01-11,On the Beach at Night Alone,2017,https://boxd.it/fqEK
2019-01-12,Enough with Catcalling,2018,https://boxd.it/iQEC
2019-01-12,Ashes in the Snow,2018,https://boxd.it/dELw
2019-01-18,Animal Kingdom,2017,https://boxd.it/ilU0
2019-01-23,Bloodsucking Bastards,2015,https://boxd.it/ahRA
2019-01-23,Band of Brothers,2001,https://boxd.it/aRNY
2019-01-25,Before Night Falls,2000,https://boxd.it/23to
2019-01-26,42 One Dream Rush,2010,https://boxd.it/5Mwe
2019-01-31,Paradise: Faith,2012,https://boxd.it/4erW
2019-02-02,Fyre,2019,https://boxd.it/kP0g
2019-02-05,Leave No Trace,2018,https://boxd.it/fMfM
2019-02-06,The Devil's Candy,2015,https://boxd.it/bWrU
2019-02-08,Goodnight Mommy,2014,https://boxd.it/8Niy
2019-02-08,Birth,2004,https://boxd.it/1VvQ
2019-02-08,Sexy Beast,2000,https://boxd.it/1SZS
2019-02-08,The Zone of Interest,,https://boxd.it/gJsA
2019-02-09,Winter in Wartime,2008,https://boxd.it/1JWq
2019-02-09,Patrick Melrose,2018,https://boxd.it/j1Pc
2019-02-09,Run,2013,https://boxd.it/fyfe
2019-02-09,Fences,2016,https://boxd.it/dL6A
2019-02-09,The Mule,2018,https://boxd.it/idcY
2019-02-09,Into the Forest,2015,https://boxd.it/b2KG
2019-02-09,The Orphanage,2007,https://boxd.it/2bfE
2019-02-09,Suspiria,1977,https://boxd.it/1SNW
2019-02-09,Near Dark,1987,https://boxd.it/1SRO
2019-02-10,Tokyo Vampire Hotel,2017,https://boxd.it/h2Ae
2019-02-10,Suicide Club,2001,https://boxd.it/1RkY
2019-02-10,Why Don't You Play in Hell?,2013,https://boxd.it/4lnC
2019-02-10,Utsushimi,2000,https://boxd.it/4b2a
2019-02-10,Antiporno,2016,https://boxd.it/eDjy
2019-02-10,Himizu,2011,https://boxd.it/3oFs
2019-02-10,Can You Ever Forgive Me?,2018,https://boxd.it/e7x4
2019-02-10,The Lodge,2019,https://boxd.it/h2c2
2019-02-11,One Thousand Ropes,2017,https://boxd.it/fsVy
2019-02-11,Inception: The Cobol Job,2010,https://boxd.it/kO
2019-02-11,God Knows Where I Am,2016,https://boxd.it/dJKe
2019-02-11,Mute,2018,https://boxd.it/e6nW
2019-02-18,Tallulah,2016,https://boxd.it/bUm4
2019-02-18,The Truth,2019,https://boxd.it/iKOQ
2019-02-18,Outside Satan,2011,https://boxd.it/3a0U
2019-02-18,Partisan,2015,https://boxd.it/9MCY
2019-02-18,Gauguin: Voyage to Tahiti,2017,https://boxd.it/fSRW
2019-02-18,The Emperor of Paris,2018,https://boxd.it/hcBc
2019-02-27,Greta,2018,https://boxd.it/gU4E
2019-02-28,At Eternity's Gate,2018,https://boxd.it/hI40
2019-03-02,Hearts in Atlantis,2001,https://boxd.it/1U9O
2019-03-03,High Life,2018,https://boxd.it/d6bk
2019-03-04,Mommy,2014,https://boxd.it/7Uau
2019-03-06,"Aguirre, the Wrath of God",1972,https://boxd.it/27Fe
2019-03-07,Wild Wild Country,2018,https://boxd.it/j1P2
2019-03-08,Brimstone,2016,https://boxd.it/ayqQ
2019-03-08,Lorne,2016,https://boxd.it/ic66
2019-03-08,Ad Astra,2019,https://boxd.it/ePzI
2019-03-11,Southcliffe,2013,https://boxd.it/6jRO
2019-03-17,Little Woods,2018,https://boxd.it/g76c
2019-03-17,Candyman,2021,https://boxd.it/kHFg
2019-03-17,Quest,2017,https://boxd.it/fx2I
2019-03-17,Boo!,2019,https://boxd.it/k6hc
2019-03-18,Battle of Jangsari,2019,https://boxd.it/kOUM
2019-03-18,The Dead Center,2018,https://boxd.it/k5mA
2019-03-18,Swiss Army Man,2016,https://boxd.it/bDG2
2019-03-19,Insomnia,1997,https://boxd.it/1txk
2019-03-25,Only the Brave,2017,https://boxd.it/dRqw
2019-03-28,Machete Kills Again... in Space,,https://boxd.it/hjEi
2019-03-28,The Nightingale,2018,https://boxd.it/e1Ga
2019-04-11,Inferno,1980,https://boxd.it/1KbK
2019-04-23,Deep Space,1988,https://boxd.it/1rh0
2019-04-23,The Spiderwick Chronicles,2008,https://boxd.it/20v2
2019-04-23,Pathfinder,2007,https://boxd.it/28Fu
2019-04-23,Day Watch,2006,https://boxd.it/272G
2019-04-23,Night Watch,2004,https://boxd.it/25SK
2019-04-23,The Blair Witch Project,1999,https://boxd.it/26ua
2019-04-26,Mom and Dad,2017,https://boxd.it/e6BO
2019-04-26,Peaceful Warrior,2006,https://boxd.it/1PCw
2019-04-27,Made in Britain,1982,https://boxd.it/1ie2
2019-04-27,Day of the Woman,1978,https://boxd.it/1w96
2019-04-27,His Master's Voice,2018,https://boxd.it/e27U
2019-04-27,Nostalgia,1983,https://boxd.it/28Qi
2019-05-03,A Short Film About Killing,1988,https://boxd.it/1VtK
2019-05-09,Bayonetta: Bloody Fate,2013,https://boxd.it/77W0
2019-05-09,Mr. Church,2016,https://boxd.it/d0vS
2019-05-20,The Swallows of Kabul,2019,https://boxd.it/lqOM
2019-05-20,I Am Easy to Find,2019,https://boxd.it/lzSy
2019-05-20,Training Day,2001,https://boxd.it/27A4
2019-05-21,Daddy Issues,2019,https://boxd.it/i6CK
2019-05-21,I'll Eat You Alive,2015,https://boxd.it/hFso
2019-06-17,Showgirls,1995,https://boxd.it/1Vmk
2019-06-17,Dune,1984,https://boxd.it/29tY
2019-06-17,Starship Troopers,1988,https://boxd.it/gR0k
2019-06-18,Come to Daddy,2019,https://boxd.it/lAqK
2019-07-22,Shelter,2017,https://boxd.it/gVs8
2019-07-22,Children Who Chase Lost Voices,2011,https://boxd.it/2M6k
2019-08-01,Wendy and Lucy,2008,https://boxd.it/1Zx2
2019-08-11,World of Tomorrow,2015,https://boxd.it/9Gr6
2019-08-28,The Little Drummer Girl,2018,https://boxd.it/kkCS
2019-08-28,Possibly in Michigan,1983,https://boxd.it/aXA2
2019-08-28,Nostalgia,2018,https://boxd.it/fKrc
2019-08-28,Lucy in the Sky,2019,https://boxd.it/bjly
2019-08-28,"Ireesha, The Daughter of Elf-king",2018,https://boxd.it/k5lW
2019-08-28,Thread of Lies,2014,https://boxd.it/7B9i
2019-09-01,Koyaanisqatsi,1982,https://boxd.it/1U9E
2019-09-08,Calvary,2014,https://boxd.it/4WE6
2019-09-28,The Little Stranger,2018,https://boxd.it/gffG
2019-12-12,Honey Boy,2019,https://boxd.it/ixvm
2019-12-26,Death and Nightingales,2018,https://boxd.it/lQtg
2019-12-26,Barb and Star Go to Vista Del Mar,2021,https://boxd.it/lX9M
2019-12-26,Synchronic,2019,https://boxd.it/k3M2
2019-12-30,Hope You Die Next Time :-),2018,https://boxd.it/jNsK
2019-12-30,Eternal Winter,2018,https://boxd.it/i7WQ
2019-12-30,Comrade Drakulich,2019,https://boxd.it/mWa2
2019-12-30,Lost Transmissions,2019,https://boxd.it/jvUG
2019-12-30,Slaughterhouse Rulez,2018,https://boxd.it/gmfy
2020-01-04,Porfirio,2011,https://boxd.it/3ab4
2020-01-05,Anthropocene: The Human Epoch,2018,https://boxd.it/jFy6
2020-01-05,Free Fire,2016,https://boxd.it/b2Ig
2020-01-07,Shadow of Truth,2016,https://boxd.it/fQtS
2020-01-08,First They Killed My Father,2017,https://boxd.it/fmCK
2020-01-10,Cut,2004,https://boxd.it/nHTS
2020-01-10,Roujin Z,1991,https://boxd.it/1caS
2020-01-10,Paradise Hills,2019,https://boxd.it/hwMO
2020-01-11,La Belle Noiseuse,1991,https://boxd.it/1RxI
2020-01-16,Barking Dogs Never Bite,2000,https://boxd.it/1BLa
2020-01-19,The House of Us,2019,https://boxd.it/l99C
2020-01-19,Youngju,2018,https://boxd.it/jXnU
2020-01-19,Mothers,2017,https://boxd.it/h2Jg
2020-01-19,Yongsoon,2016,https://boxd.it/gbc4
2020-01-19,The World of Us,2016,https://boxd.it/dpeC
2020-01-19,Munchausen,2013,https://boxd.it/i7HG
2020-01-19,Paint It Black,2016,https://boxd.it/dNV6
2020-01-19,The Bygone,2019,https://boxd.it/iSde
2020-01-19,The Mafu Cage,1978,https://boxd.it/pRy
2020-01-20,Hala,2019,https://boxd.it/junw
2020-01-24,"Snowpiercer: Transperceneige, From the Blank Page to the Black Screen",2014,https://boxd.it/mLLG
2020-01-24,Antlers,2021,https://boxd.it/iI50
2020-01-27,Let the Right One In,2008,https://boxd.it/1Qr0
2020-01-29,The Painted Bird,2019,https://boxd.it/h8u2
2020-01-30,For Ever,2019,https://boxd.it/e26i
2020-01-30,Too Old to Die Young,2019,https://boxd.it/mwtW
2020-01-31,Ukraine Is Not a Brothel,2013,https://boxd.it/6vnw
2020-01-31,Casting JonBenet,2017,https://boxd.it/fgXM
2020-02-01,Mank,2020,https://boxd.it/mIuC
2020-02-01,Dominion,2018,https://boxd.it/gXqy
2020-02-06,Graduation,2016,https://boxd.it/d0vI
2020-02-08,Bent,1997,https://boxd.it/1EQC
2020-02-10,The Castle of Sand,1974,https://boxd.it/1nRe
2020-02-10,Outrage Coda,2017,https://boxd.it/g89G
2020-02-11,Les Misérables,2019,https://boxd.it/lAPA
2020-02-11,Speak Up,2017,https://boxd.it/g8rU
2020-02-11,Thunder Road,2018,https://boxd.it/i8Hs
2020-02-12,An Elephant Sitting Still,2018,https://boxd.it/i1EQ
2020-02-12,It Comes,2018,https://boxd.it/ihCw
2020-02-12,All About Lily Chou-Chou,2001,https://boxd.it/1JP0
2020-02-12,Swallowtail Butterfly,1996,https://boxd.it/20b2
2020-02-19,Embrace of the Serpent,2015,https://boxd.it/baba
2020-02-19,"Night Is Short, Walk on Girl",2017,https://boxd.it/ffwA
2020-02-20,The French Dispatch,2021,https://boxd.it/jLP8
2020-02-25,Where Is My Friend's House?,1987,https://boxd.it/ELg
2020-02-26,Mirai,2018,https://boxd.it/h2Hu
2020-02-27,The Art of Self-Defense,2019,https://boxd.it/hf5y
2020-02-29,Some Guy Who Kills People,2011,https://boxd.it/2O4U
2020-03-09,And Then We Danced,2019,https://boxd.it/m0e6
2020-03-09,Certain People,2012,https://boxd.it/2ZCI
2020-03-09,The Happiness of the Katakuris,2001,https://boxd.it/1KDY
2020-03-10,The Witch: Part 1. The Subversion,2018,https://boxd.it/jhIm
2020-03-10,No Home Movie,2015,https://boxd.it/bXWE
2020-03-10,Little Women,2019,https://boxd.it/aSVk
2020-03-10,Thelma,2017,https://boxd.it/e7Ce
2020-03-10,Beast,2017,https://boxd.it/gSOK
2020-03-10,The Spirit of the Beehive,1973,https://boxd.it/24eY
2020-03-17,The Invisible Guest,2016,https://boxd.it/euce
2020-03-21,Depth Two,2016,https://boxd.it/dlBW
2020-03-30,Decalogue IV,1989,https://boxd.it/C8w
2020-03-30,Joan the Maid I: The Battles,1994,https://boxd.it/4xYK
2020-03-30,Joan the Maid II: The Prisons,1994,https://boxd.it/4xYU
2020-03-30,Céline and Julie Go Boating,1974,https://boxd.it/1sGA
2020-03-30,No Time to Die,2021,https://boxd.it/cPX2
2020-04-23,Dunwich Horror,,https://boxd.it/oO4Y
2020-04-23,Seven Stages to Achieve Eternal Bliss,2018,https://boxd.it/i804
2020-04-23,Vivarium,2019,https://boxd.it/gmVE
2020-05-06,The Half of It,2020,https://boxd.it/m0T4
2020-05-06,Ema,2019,https://boxd.it/jHWa
2020-05-10,Life After Beth,2014,https://boxd.it/7bqM
2020-05-16,Unorthodox,2020,https://boxd.it/pHfs
2020-05-16,Stefan Zweig: Farewell to Europe,2016,https://boxd.it/dGHc
2020-06-26,Shelley,2016,https://boxd.it/dieq
2020-06-27,My Boy,2018,https://boxd.it/jXum
2020-07-02,White Lie,2019,https://boxd.it/lghI
2020-07-06,Vitalina Varela,2019,https://boxd.it/gMWo
2020-07-06,The Wolf House,2018,https://boxd.it/i1vE
2020-07-07,"My Son, My Son, What Have Ye Done",2009,https://boxd.it/SZ2
2020-07-07,Penance,2012,https://boxd.it/4ssk
2020-07-18,Horse Money,2014,https://boxd.it/8QX0
2020-07-18,In Vanda's Room,2000,https://boxd.it/36r8
2020-07-30,The Impossible Picture,2016,https://boxd.it/fCpC
2020-07-31,Eaglehawk,2016,https://boxd.it/qgFK
2020-08-06,Forest,2003,https://boxd.it/Co
2020-08-09,Daisies,1966,https://boxd.it/LZk
2020-08-13,The Juniper Tree,1990,https://boxd.it/1nr6
2020-08-13,The Valley of the Bees,1968,https://boxd.it/1uSe
2020-08-13,The Virgin Spring,1960,https://boxd.it/1TjI
2020-08-14,On Body and Soul,2017,https://boxd.it/fu7A
2020-08-14,Deva,2018,https://boxd.it/jEvK
2020-08-14,One Day,2018,https://boxd.it/iNoc
2020-08-17,Eden,2020,https://boxd.it/luje
2020-08-17,On the Quiet,2019,https://boxd.it/o7NQ
2020-08-17,Fresh Air,2006,https://boxd.it/3ml6
2020-08-18,Babyteeth,2019,https://boxd.it/iWDU
2020-08-18,Mona Lisa and the Blood Moon,,https://boxd.it/iXY0
2020-08-18,Bitch,2017,https://boxd.it/fj8M
2020-08-24,I Do Not Care If We Go Down in History as Barbarians,2018,https://boxd.it/i4Ui
2020-08-26,Get Duked!,2019,https://boxd.it/llgK
2020-08-27,The 36th Chamber of Shaolin,1978,https://boxd.it/1SXC
2020-08-27,Girls Lost,2015,https://boxd.it/c2YK
2020-08-27,Spoor,2017,https://boxd.it/flEq
2020-08-28,Lingua Franca,2019,https://boxd.it/lrp4
2020-09-06,Sunset,2018,https://boxd.it/dZ5w
2020-09-06,Bone Cage,2020,https://boxd.it/rysm
2020-09-13,Night of the Kings,2020,https://boxd.it/oAm0
2020-09-13,Gaza Mon Amour,2020,https://boxd.it/rcnY
2020-09-13,"Quo vadis, Aida?",2020,https://boxd.it/riws
2020-09-13,Three Windows and a Hanging,2014,https://boxd.it/9hYE
2020-09-21,Raw Deal,1986,https://boxd.it/27rw
2020-09-22,The North Water,,https://boxd.it/q0nq
2020-09-29,Ága,2018,https://boxd.it/i4bM
2020-09-29,Alienation,2013,https://boxd.it/6v8G
2020-09-29,A Land Imagined,2018,https://boxd.it/jzLS
2020-10-04,Benedetta,2021,https://boxd.it/gdNQ
2020-10-05,The Northerners,1992,https://boxd.it/22oi
2020-10-16,Nobody Wanted to Die,1965,https://boxd.it/8vOQ
2020-10-18,The Brigands of Rattlecreek,,https://boxd.it/lECA
2020-10-26,Preparations to Be Together for an Unknown Period of Time,2020,https://boxd.it/rfB0
2020-10-28,The Witch Who Came from the Sea,1976,https://boxd.it/v2w
2020-10-30,Vengeance Is Mine,1979,https://boxd.it/XyU
2020-11-01,The Woman Who Ran,2020,https://boxd.it/oEEi
2020-11-01,Miss Violence,2013,https://boxd.it/6iEa
2020-11-01,Candide,2018,https://boxd.it/pxsQ
2020-11-12,Spring,2014,https://boxd.it/76Sm
2020-11-12,The Duke of Burgundy,2014,https://boxd.it/7kwu
2020-11-19,Naked,1993,https://boxd.it/1BT4
2020-11-28,Possessor,2020,https://boxd.it/fsJW
2020-12-13,Devs,2020,https://boxd.it/ppHI
2020-12-13,Kill Zone 2,2015,https://boxd.it/aSZG
2020-12-13,Jiu Jitsu,2020,https://boxd.it/lKLe
2020-12-18,In the Earth,2021,https://boxd.it/s652
2020-12-18,Vibrator,2003,https://boxd.it/2Rva
2020-12-18,Wolfwalkers,2020,https://boxd.it/fGrC
2020-12-18,In the Realm of the Senses,1976,https://boxd.it/22qS
2020-12-21,"Love, Antosha",2019,https://boxd.it/kIjK
2020-12-22,Lullaby,,https://boxd.it/dXAs
2020-12-24,Tumbbad,2018,https://boxd.it/jDZk
2020-12-24,Bad Girls Go to Hell,1965,https://boxd.it/Wa8
2020-12-25,My Dead Dad's Porno Tapes,2018,https://boxd.it/hKLg
2020-12-25,The Absurd Scam,2022,https://boxd.it/k92u
2020-12-25,Heavens Above,2021,https://boxd.it/rPOE
2020-12-26,Hustlers,2019,https://boxd.it/jIBM
2020-12-27,Another Round,2020,https://boxd.it/lkba
2020-12-29,The Night Comes for Us,2018,https://boxd.it/g2lc
2020-12-29,Macabre,2009,https://boxd.it/14xE
2020-12-29,Neuromancer,2021,https://boxd.it/eMfK
2020-12-29,New Rose Hotel,1998,https://boxd.it/1BVY
2021-01-02,The World to Come,2020,https://boxd.it/iiuI
2021-01-03,In Too Deep,1999,https://boxd.it/1ALy
2021-01-04,Nomadland,2020,https://boxd.it/lnRy
2021-01-05,The Metamorphosis of Birds,2020,https://boxd.it/oJsw
2021-01-05,Pieces of a Woman,2020,https://boxd.it/nOrQ
2021-01-07,Women Without Men,2009,https://boxd.it/SEy
2021-01-08,Shadow in the Cloud,2020,https://boxd.it/pah6
2021-01-12,Beginning,2020,https://boxd.it/qEyS
2021-01-13,The Painter and the Thief,2020,https://boxd.it/ojPk
2021-01-19,Black Hole,2018,https://boxd.it/jC30
2021-01-19,Black Hole,2019,https://boxd.it/mOMM
2021-01-21,Music of the Spheres,1984,https://boxd.it/9vw0
2021-01-26,Ali: Fear Eats the Soul,1974,https://boxd.it/2aRi
2021-01-26,Western,2017,https://boxd.it/g7cE
2021-01-26,Dead Pigs,2018,https://boxd.it/hHEQ
2021-01-26,Once Upon a Time in Anatolia,2011,https://boxd.it/2yHG
2021-01-26,Ride Your Wave,2019,https://boxd.it/jhcg
2021-01-26,Euphoria: F*ck Anyone Who’s Not a Sea Blob,2021,https://boxd.it/tMkU
2021-01-28,Saint Maud,2019,https://boxd.it/l8QA
2021-01-30,The Letter Room,2020,https://boxd.it/sEN8
2021-02-04,On the Count of Three,2021,https://boxd.it/tbfI
2021-02-20,Nosferatu,,https://boxd.it/f5eG
2021-02-20,The Northman,2022,https://boxd.it/nK2s
2021-02-20,I Believe in Unicorns,2014,https://boxd.it/7qGA
2021-02-25,Lesson of the Evil: Prologue,2012,https://boxd.it/72Y6
2021-03-07,Dolls,2002,https://boxd.it/29pi
2021-03-09,End of the Line: The Women of Standing Rock,2021,https://boxd.it/tpFK
2021-03-11,The Father,2020,https://boxd.it/m8Ie
2021-03-11,Ley Lines,1999,https://boxd.it/1FgK
2021-03-11,First Love,2019,https://boxd.it/m0iC
2021-03-26,Room,2015,https://boxd.it/7T0y
2021-04-02,Holiday,2018,https://boxd.it/hEA2
2021-04-03,Magnesium,2020,https://boxd.it/scs2
2021-04-06,Vlad Love,2021,https://boxd.it/uuHS
2021-04-06,Cat People,1982,https://boxd.it/21SQ
2021-04-06,Shiva Baby,2020,https://boxd.it/oIv0
2021-04-08,The World Is Big and Salvation Lurks Around the Corner,2008,https://boxd.it/22rG
2021-04-08,Víkend,2015,https://boxd.it/bSys
2021-04-13,True Mothers,2020,https://boxd.it/ozs2
2021-04-15,Fanny Lye Deliver'd,2019,https://boxd.it/fLjS
2021-04-15,Black Glasses,,https://boxd.it/nnlw
2021-04-20,Taking Off,1971,https://boxd.it/hnq
2021-04-20,Pearls of the Deep,1966,https://boxd.it/3AXI
2021-04-20,Ayka,2018,https://boxd.it/iPi6
2021-04-20,The Farewell Party,2014,https://boxd.it/8Vsw
2021-04-20,Boy on the Bridge,2016,https://boxd.it/eTB4
2021-04-20,In Nowhere Land,2002,https://boxd.it/bEFO
2021-04-20,Attenberg,2010,https://boxd.it/bzq
2021-04-26,Father,2020,https://boxd.it/oMpU
2021-04-26,King Lear,2018,https://boxd.it/iALC
2021-04-27,The Human Condition II: Road to Eternity,1959,https://boxd.it/1dJa
2021-04-27,The Idiot,1951,https://boxd.it/1x0O
2021-04-27,The Face of Another,1966,https://boxd.it/1nso
2021-04-27,Woman Walks Ahead,2017,https://boxd.it/dSls
2021-04-28,Tenderness of the Wolves,1973,https://boxd.it/4bzS
2021-04-28,World on a Wire,1973,https://boxd.it/xnQ
2021-05-05,Dogtooth,2009,https://boxd.it/158K
2021-05-07,Eden of the East Movie I: The King of Eden,2009,https://boxd.it/1cnM
2021-05-11,Marathon Man,1976,https://boxd.it/1W4c
2021-05-16,Say My Name,2018,https://boxd.it/htnQ
2021-05-16,Anbessa,2019,https://boxd.it/l9kg
2021-05-18,True History of the Kelly Gang,2019,https://boxd.it/i6pm
2021-05-18,The Killer,,https://boxd.it/u6WE
2021-05-18,Kung Fury 2,,https://boxd.it/ewvM
2021-05-19,The Killing of a Chinese Bookie,1976,https://boxd.it/1hS6
2021-05-22,There Is No Evil,2020,https://boxd.it/oRVQ
2021-05-22,Those Who Wish Me Dead,2021,https://boxd.it/lgeu
2021-05-24,Old Fangs,2009,https://boxd.it/4ddE
2021-05-24,The Night Eats the World,2018,https://boxd.it/gmgQ
2021-05-24,28 Days Later,2002,https://boxd.it/2aXU
2021-05-27,Escape at Dannemora,2018,https://boxd.it/l0jo
2021-05-30,The State I Am In,2000,https://boxd.it/2aUG
2021-05-30,Phoenix,2014,https://boxd.it/7u46
2021-05-30,Riders of Justice,2020,https://boxd.it/oHQc
2021-05-30,Witchfinder,2021,https://boxd.it/e61c
2021-06-01,A Snake of June,2002,https://boxd.it/1fuQ
2021-06-01,Elevator to the Gallows,1958,https://boxd.it/294u
2021-06-01,Strasbourg 1518,2020,https://boxd.it/r53M
2021-06-01,"Murder Me, Monster",2018,https://boxd.it/iPkm
2021-06-01,System Crasher,2019,https://boxd.it/kO1W
2021-06-01,The Double,2013,https://boxd.it/4DLW
2021-06-03,Aquarius,2016,https://boxd.it/d6YQ
2021-06-07,Shadow of the Vampire,2000,https://boxd.it/1Vb2
2021-06-08,Elite Squad,2007,https://boxd.it/20YI
2021-06-11,Winter Sleep,2014,https://boxd.it/7Ua0
2021-06-12,Never Look Away,2018,https://boxd.it/eZns
2021-06-12,The Guilty,2018,https://boxd.it/hw9i
2021-06-12,Paradise,2016,https://boxd.it/enGm
